Article_Headline,Statement_Filipino,Statement_English,Rating,Statement_Filipino_Language,Statement_English_Language
"vera files fact check: marcos, tulfo not closing down naia",“KAKAPASOK LANG SAWAKAS  NAIA SARADO NA! SEN TULFO SUMABOG sa GALIT NILUSOB ang NAIA mga BUWAYA IYAK .”,sic,Fake,TAGALOG,ENGLISH
vera files fact check: claim about a ph-us deal to build a nuclear facility misleads,"“Breaking news! Pilipinas, magkaka-nuclear na! Biden, nakaplano na ang uumpisahang deal kasama si President Ferdinand Marcos Jr. tungkol sa itatayong nuclear facility sa Pilipinas !”",The Philippines will now have nuclear [energy]! [U.S. President Joe] Biden has planned a deal with President Ferdinand Marcos Jr. about a nuclear facility to be built in the Philippines,Fake,TAGALOG,ENGLISH
vera files fact check: false video links hontiveros to 2014 philhealth bonus controversy anew,“KAKAPASOK LANG PRES MARCOS MARCOLETA HAWAK ang mga DOCUMENTO HONTlVEROS SC HlNATULAN PHILHEALTH 2014 .”,JUST IN PRES MARCOS MARCOLETA HAVE THE DOCUMENTS HONTIVEROS SC RELEASED VERDICT [on] PHILHEALTH 2014,Fake,TAGALOG,TAGALOG
"vera files fact check: us, ph soldiers did not expel chinese ships from south china sea","“US AT PILIPINAS, NAGPADALA NG 17,680 NA SUNDALO SA SOUTH CHINA SEA! MGA CHINESE BOATS NAPAALIS NA !”","U.S. and the Philippines sent 17,680 soldiers to the South China Sea! Chinese boats driven out",Fake,TAGALOG,ENGLISH
vera files fact check: marcos did not shut down meralco,“KAKAPASOK LANG OMG! mga OLlGARKO NAPRANlNG na MERALCO SARADOnani PBBM TULFO SUMALUDO DlLAWAN lYAK .”,JUST IN OMG! OLIGARCHS BECAME PARANOID MERALCO SHUT DOWN BY PBBM TULFO SALUTED YELLOWS WEEP,Fake,TAGALOG,ENGLISH
vera files fact check: doctor on tiktok claim that oral glutathione helps reverse fatty liver is unproven,"“Hindi po nakakasira, actually baliktad. Hindi siya nakakasira, nakakatulong pa siya sa sakit na kung tawagin ay NAFLD or non-alcoholic fatty liver disease.”

Source: Alvin Francisco Official Tiktok Account , Tiktok Gluta capsules: Safe ba sa liver?… , March 25, 2023, watch from 0:22 to 0:30","It’s not destructive, actually it’s the opposite. It’s not destructive, it actually helps with  the disease called NAFLD or non-alcoholic fatty liver disease.",Fake,TAGALOG,ENGLISH
vera files fact check: video falsely claims cayetano has been removed as senator,“KAKAPASOK LANG UMAMIN NA! CAYETANO NAMUTLA sa TAKOT hindi NAKALIGTAS kay PRES BBM SENADO SININGIL NA ”,"Just in, they confessed! Cayetano paled in fear, not unscathed from President Marcos. Senate, charged!",Fake,TAGALOG,ENGLISH
vera files fact check: marcos sr.’s false bar exam grade reappears after release of 2022 bar results,,"“UP Diliman student, Ferdinand Marcos took the 1939 bar exam and his unofficial grade was almost 98%. This was the highest score ever in history of Philippine bar exams  at that time so he was apparently called to appear before the Supreme Court for an oral re-examination after which his official grade was released as 92.35%.”",Fake,ENGLISH,ENGLISH
"vera files fact check: ‘super meal mix nuts’ ads to fight diabetes, cancer are a scam","“Nakagugulat na balita, ni-raid ng mga pulis sa Maynila ang sikat na SM Mall sa Asia kahapon para alamin kung bakit libu-libong tao ang nagtipon sa mahabang pila. Sa pagdating, natuklasan ko na si Dr.WiIIIie-0ng … ay naglulunsad ng Super Meal Mix Nuts”
","Shocking news, the police raided the popular SM Mall of Asia in Manila yesterday to find out why thousands of people are gathering in the long line. Upon arrival, I discovered that [popular cardiologist Doc Willie Ong] is launching Super Meal Mix Nuts.",Real,TAGALOG,ENGLISH
"vera files fact check: video does not show china, ph ‘battle’ in pag-asa island",“CHINA VS PILIPINAS BUMANAT NA  PHILIPPINE VINES BREAKING NEWS VIRAL.”,CHINA VS PHILIPPINES ALREADY HIT!,Fake,TAGALOG,TAGALOG
vera files fact check: up budget not slashed by p2.5b ‘after recent protests’,"“Matapos MANGGULO ang Tinig ng Plaridel | VP SARA at PBBM, TINANGGALAN ng ₱2.5 BILLION PONDO ang UP !!”","After the Tinig ng Plaridel caused chaos | VP SARA and PBBM, stripped P2.5 BILLION FUNDS from UP",Fake,TAGALOG,ENGLISH
vera files fact check: indonesia did not blow up 60 chinese ships,“CHINA NAGKAMALI NG BINANGGA! INDONESIA BIGLANG PUMALAG! PINAGBOBOMBA ANG MGA BARKO NG CHINA! LAGOT !”,China messed with the wrong country! Indonesia fought back! Blew up China’s ships! Oh no,Fake,TAGALOG,ENGLISH
vera files fact check: tolentino representing dela rosa in icc needs context,,"“I accept the letter of proposal of Senator Dela Rosa to lawyer for him … So I am now speaking as a counsel of Senator Dela Rosa.”
Source: News5, Sen. Tolentino, tatayong legal counsel ni Dela Rosa sa kaso niya sa ICC, March 29, 2023, watch from 0:00 to 0:19",Fake,None,ENGLISH
vera files fact check: video misleadingly claims filipinos ‘aged 40 and above can now receive pension’,“GOOD NEWS AGE 40 PATAAS PWEDE NA MAGPENSYON  WOW PINAKAMALAKING BANGKO SA PILIPINAS PBBM BINUBUO NA  Live Today.”,AGE 40 AND ABOVE CAN NOW RECEIVE PENSION,Fake,TAGALOG,ENGLISH
vera files fact check: us coast guard did not sink chinese ships in west ph sea,“US Coast Guard hindi nagpatinag! Pinaputukan umano ang dalawang Chinese warship na nangharang sa WPS ”,USCG unshaken! Fired at two Chinese warships blocking entry to the West Philippine Sea,Fake,TAGALOG,ENGLISH
vera files fact check: cagayan lawmaker claim that business groups flip flopped on support for cha-cha needs context,,"“MBC and Finex are now against Charter amendments. Before this position, they were in favor of changing the Constitution’s economic provisions.”
Source: Rep. Rufus Rodriguez Statement, Manila Bulletin, Malaya, The Philippine Star, March 26, 2023",Fake,None,ENGLISH
vera files fact check: video does not show a german warship in mindanao,“24 ORAS EXPRESS GERMAN WAR SHIP NASA MINDANAO NA  ! WEST PHILIPPINE SEA VINES BREAKING NEWS VIRAL”,GERMAN WARSHIP NOW IN MINDANAO,Fake,TAGALOG,TAGALOG
vera files fact check: marcos wrongly claims that govt appeal with icc has failed,,"“We don’t have a next move. That is the extent of our involvement with the ICC. That ends all our involvement with the ICC because hindi na tayo pwedeng mag-appeal . The appeal has been – the appeal has failed. And there’s – in our view, there is nothing more that we can do in the government.”
Source: RTVMalacañang official YouTube channel, Media Interview by President Ferdinand R. Marcos Jr. following the Pag-IBIG Fund Chairman’s Report , March 28, 2023, watch from 06:50 to 07:13",Real,ENGLISH,ENGLISH
vera files fact check: marcos did not appoint marcoleta as agriculture secretary,“KAKAPASOK LANG  GOODNEWS PBBM BIGLAANG UTOS MARCOLETA BlNlGYAN ng POSlSYON   D.A SECRETARY DlLAWAN IYAK .”,JUST IN,Fake,TAGALOG,ENGLISH
vera files fact check: no basis for claim japanese submarine chased off chinese ships in south china sea,"“Sa kasalukuyan, ang China ay nagtamo ng matinding kahihiyan matapos silang habulin ng isang Japanese submarine. Ang insidente na ito ay naganap sa karagatan ng Timog China… ","Now, China is humiliated after a Japanese submarine chased them off. This incident happened in the South China Sea…",Fake,TAGALOG,ENGLISH
"vera files fact check: padilla echoes marcos, guevarra statements against icc that lack context",,“Our President has made it clear: The ICC has no jurisdiction over the Philippines. Our Solicitor General has also said the Philippines has no legal or moral obligation to cooperate with the ICC.”,Real,None,ENGLISH
vera files fact check: pamphlet in nica orientation bears wrong definition of red-tagging,"“… isang salita na ginawa ng mga CTG upang siraan ang gobyerno na kumikilala lamang sa mga personalidad at mga organisasyon na miyembro, may kaugnayan, o sumusuporta sa komunistang teroristang grupo.”

Source: Peace Philippines, Pamphlet, March 2023","… a word coined by CTGs to discredit the government which recognizes only personalities and organizations that are members [of],  with links [to], or supports communist terrorist groups.",Real,TAGALOG,ENGLISH
"vera files fact check: claim on 200 chinese militia vessels in wps, u.s. action vs china misleads",,“…the United States will send an aircraft carrier battle group supported by air assets and missile defense that are joined by partner naval and air forces to the SCS to cooperatively monitor the Chinese naval threat and other emergent threats to freedom of navigation.”,Fake,None,ENGLISH
vera files fact check: marcos jr.’s repeat claim that rice is now at p25 per kilo needs context,"“‘Yung aking pangarap na sinabi na nung bago akong upo na sana mapababa natin ang presyo ng bigas ng P20; hindi pa tayo umaabot doon, dahan-dahan, palapit. Nasa P25 na lang tayo, kaunti na lang maibababa natin ‘yan.”

Source: RTVMalacanang, Kadiwa ng Pangulo in Pili, Camarines Sur , March 16, 2023, watch from 2:28 – 2:49","My dream that I said when I assumed [the presidency] that hopefully we can bring down the price of rice to P20, we haven’t achieved that, [but] slowly we will get to it. We’re already at P25, just a little more and we’ll be able to lower that [price].",Fake,TAGALOG,ENGLISH
vera files fact check: marcos’ claim on decreasing govt debt misleads,"“Mas mababa ng 16% ang ating inutang para sa 2022 kumpara sa taong 2021! Patunay ito na epektibo ang ating mga polisiya sa pangangasiwa ng ating budget at pagpapababa ng pagdepende natin sa utang para matugunan ang mga pangangailangan natin sa bansa.”

Source: Bongbong Marcos official Facebook page, Mas mababa ng 16% ang ating inutang…, March 13, 2023",We borrowed 16% less in 2022 compared to 2021! This proves the effectiveness of our administration’s policies in budget management and reducing our dependence on foreign loans to meet the country’s needs.,Fake,TAGALOG,ENGLISH
vera files fact check: russia did not donate a warship ‘now in mindanao’,“24 ORAS EXPRESS REGALO NG RUSSIA NASA MINDANAO NA ! PILIPINAS VINES NEWS VIRAL).”,RUSSIA’S GIFT NOW IN MINDANAO,Fake,TAGALOG,TAGALOG
vera files fact check: video does not show first filipino sentenced to death,“pinaka unang Pinoy na nahatulan ng death penalty sa Pinas .”,first Filipino sentenced with death penalty in the Philippines,Fake,TAGALOG,ENGLISH
vera files fact check: marcos did not appoint marcoleta to a cabinet post,“KAKAPASOK LANG DlLAWAN na-SHOCKED! BIGLAANG UTOS ni PRES MARCOS BINIGYAN ng POSISYON CONG MARCOLETA .”,JUST IN YELLOWS were SHOCKED! SUDDEN ORDER of PRES MARCOS GAVE a POSITION CONG MARCOLETA,Fake,TAGALOG,ENGLISH
"vera files fact check: video about p1,000 cash aid for senior citizens needs context","“KAKAPASOK LANG! ATTENTION SENIORS AND FILIPINO. WOW MAY PONDO NA! ANG 1,000 IBIBIGAY! DALAWANG 500 NA IBIBIGAY! OPISYAL NA PAHAYAG !”","Just in! Wow, there are now funds! P1,000 [cash aid] to be given away! It will be distributed as two P500! Official statement",Fake,TAGALOG,ENGLISH
"vera files fact check: divorce bill ok’d on house committee level, not yet law",“Sa wakas approved na ang divorce | Sa nga  gustong makawala jan magdiwang na tayo | Ang tagal ko tong hinintay finally .”,sic,Fake,TAGALOG,ENGLISH
vera files fact check: videos deceptively use doctors’ vlogs to promote magnetic underwear,,"“Most men’s concern want to have a big and healthy “𝐥𝐢𝐭𝐭𝐥𝐞 𝐛𝐨𝐲” !😎
As a doctor, the 𝐬𝐞𝐱𝐮𝐚𝐥 𝐡𝐞𝐚𝐥𝐭𝐡 of Filipino men is my top priority. I always recommend this Magnetic Under.wear , recommended by the 𝐉𝐚𝐩𝐚𝐧 𝐈𝐧𝐬𝐭𝐢𝐭𝐮𝐭𝐞 𝐨𝐟 𝐒𝐞𝐱𝐮𝐚𝐥 𝐇𝐞𝐚𝐥𝐭𝐡”
“Good news for all Filipino men. Increase Size 5-6 c.m More & Solid Like A Rock. Easily with Magnetic Underwear imported from USA ”",Real,ENGLISH,ENGLISH
vera files fact check: video does not show u.s. troops in pag-asa island,“24 ORAS EXPRESS AMERICA AT PILIPINAS BUMANAT NASA WEST PHILIPPINE SEA ! VINES BREAKING NEWS VIRAL.”,AMERICA AND THE PHILIPPINES LAUNCH ATTACKS IN THE WEST PHILIPPINE SEA,Fake,TAGALOG,ENGLISH
vera files fact check: report on chinese military aircraft crash not new,“China kinarma kaagad! Isang Chinese fighter aircraft bumagsak umano sa South China Sea .”,China hit by karma right away! A Chinese fighter aircraft allegedly crashed in the South China Sea,Fake,TAGALOG,ENGLISH
vera files fact check: video claiming marcos against jeepney phaseout needs context,"“Ngayon doon sa issue sa modernization na sinasabi, sa aking palagay ay kailangan ding gawin talaga ‘yan. Ngunit sa pag-aaral ko, parang hindi maganda ang naging implementation nung modernization.”
","Now, on the issue of modernization, I think we really need to do that. But based on what I studied, the program was not implemented well.",Fake,TAGALOG,ENGLISH
vera files fact check: video does not show australian warships in west philippine sea,“24 ORAS EXPRESS AUSTRALIA AT PILIPINAS BUMANAT NASA WEST PHILIPPINE SEA ! VINES BREAKING NEWS VIRAL.”,AUSTRALIA AND THE PHILIPPINES ATTACKED IN THE WEST PHILIPPINE SEA,Fake,TAGALOG,ENGLISH
"vera files fact check: remulla repeats icc jurisdiction, complementarity principle claims lacking context",,"“Excellencies, the Philippines continues its open, constructive, and active engagement on human rights with UN and international stakeholders, including civil society… Yet, we draw the line, as any sovereign state must, when an international institution overreaches and departs from the boundaries of its creation. [I]n this context, the Philippine government rejects the ICC’s decision to resume investigations over alleged crimes committed during [the] anti-illegal drug campaign. The Philippines has a fully functioning justice system. Under the complementarity test, the ICC therefore has no jurisdiction over Filipino citizens whatsoever.”
Source: UN Media, High Level Segment – 52nd regular session of the Human Rights Council , March 1, 2023, watch from 4:52 – 05:03, 7:49 – 8:25",Real,ENGLISH,ENGLISH
vera files fact check: video resurfaces false claim that hontiveros ‘stole’ from philhealth funds,"“RISA IBALIK DAPAT PERA NG PHILHEALTH BAGO NIYA ISULONG NA IBALIK ANG PEOPLE POWER, RISA NAPAHIYA !”","RISA SHOULD RETURN PHILHEALTH’S MONEY BEFORE SHE PROPOSES TO BRING BACK PEOPLE POWER, RISA EMBARRASSED",Fake,TAGALOG,ENGLISH
"vera files fact check: inquirer.net inaccurately reports dela rosa, duterte ‘charged’ in the icc",,"“Dela Rosa and Duterte are among those charged before the ICC for crimes against humanity in connection with the thousands of people killed in their drug war.”
Source: Inquirer.net, Dela Rosa to Spanish lawmaker: How dare you lecture us about human rights? | Global News , Feb. 22, 2023",Fake,ENGLISH,ENGLISH
vera files fact check: make it makati movement backpedals on ‘sharrow’ project,,"“Representatives of the #MakeItSaferMakati movement, Ayala Land, Inc. , and the Makati Business Club’s  Business for Biking Program […] agreed to maintain the protected bike lanes and to jointly study and implement various street design solutions.”
Source: Make It Makati Official Facebook Page, Ayala Land, Inc. and #MakeItSaferMakati movement agree … , Feb. 24, 2023",Real,ENGLISH,TAGALOG
vera files fact check: a death hoax involving kris aquino spreads anew,,“NAKIKIRAMAY! ʀᴀғғʏ TULFO SAKSI SA PAGPANAW NI KRIS AQUINO NGAYONG HAPON! STAGE 5 CANCER ANG DAHILAN (Condolences! Raffy Tulfo witnessed Kris Aquino’s death this afternoon! Stage 5 cancer caused [her death]!”,Real,None,TAGALOG
vera files fact check: russia did not donate attack chopper to ph,“24 ORAS EXPRESS REGALO NG RUSSIA SINUBUKAN NA ! PILIPINAS  VINES NEWS VIRAL.”,GIFT FROM RUSSIA NOW TESTED ! PHILIPPINES,Fake,TAGALOG,ENGLISH
vera files fact check: bantag not back as bucor chief,“SHOCKING! PBBM VPSARA UMAKSYON na BANTAG NABULAGA IBABALIK sa PWESTO  MOTION FOR RECONSIDERATION DOJ.”,PBBM VPSARA has TAKEN ACTION BANTAG SHOCKED WILL BE BACK IN OFFICE,Fake,TAGALOG,ENGLISH
vera files fact check: fake robinsons supermarket page posts bogus giveaway of refrigerators,"“Ikinalulugod kong ipaalam sa iyo na nag-donate kami ng 500 refrigerator na hindi namin naibenta dahil sa mga gasgas at maliit na pinsala.,. kaya ang sinumang magsusulat ng ‘Tapos na’ bago ang Pebrero 28 ay ipapadala nang random .”",We’re happy to inform you that we donated 500 refrigerators we weren’t able to sell because of scratches and minor damages… anyone who types ‘Done’ before 28 will randomly receive [a refrigerator],Fake,TAGALOG,ENGLISH
vera files fact check: jinggoy estrada’s statement on icc complementarity principle misleads,,"“As I have pointed out in Senate Resolution No. 492, our domestic institutions are fully functional and more than capable to address the concerns raised by the Prosecutor of the ICC Karim A. A. Khan QC and our government formally conveyed this to the ICC in a letter dated November 10, 2021. Our Department of Justice and the Philippine National Police-Internal Affairs Service have in fact investigated the alleged crimes committed between July 1, 2016 to March 16, 2019 under the so-called war on drugs campaign and such effort resulted in the filing of four criminal cases before the courts.”
Source: Senate of the Philippines, SENATOR JINGGOY EJERCITO ESTRADA’S RESPONSE TO QUERY ON HIS DECISION TO FILE SRN 492, Feb. 21, 2023",Fake,None,ENGLISH
vera files fact check: marcos’ claim on icc jurisdiction needs context,,"“My position hasn’t changed and I have stated it often even before I took office as president that there are many questions about their jurisdiction and … what can be — what we in the Philippines regard as an intrusion into our internal matters and a threat to our sovereignty.”
Source: RTVMalacanang official YouTube channel, Press Conference  , Feb. 18, 2023, watch from 00:13 to 00:42",Fake,ENGLISH,None
"vera files fact check: marcos, quiboloy did not shut down up diliman",“KAPAPASOK LANG! MATINDI TO! SARAD0 na! PASTOR QUIBULOY SUMAB0G sa GALIT UP DILIMAN GUSTONG IPASA-RA !”,JUST IN! THIS IS INTENSE! NOW CLOSED! PASTOR QUIBULOY BURST IN ANGER WANTS TO CLOSE UP DILIMAN,Fake,TAGALOG,ENGLISH
vera files fact check: bato wrongly claims he is ‘co-accused’ with duterte in icc probe,,"“I am very grateful to our colleagues in the House of Representatives, specially to [Senior Deputy Speaker] GMA for spearheading the resolution. I cannot do the same in the Senate since it is very self-serving on my part being  co-accused with the former president.”
Source: Sen. Ronald “Bato” Dela Rosa official Facebook page, Nagbigay reaksyon si Sen. Bato sa ngayo’y isinusulong na H.Res.780 , Feb. 17, 2023",Real,ENGLISH,ENGLISH
vera files fact check: ‘marcos gold’ not discussed during japan visit,“SA WAKAS HETO NA MARCOS GOLD DOCUMENTS NILABAS .”,FINALLY THIS IS IT MARCOS GOLD DOCUMENTS RELEASED,Fake,TAGALOG,ENGLISH
vera files fact check: remulla not removed as justice sec,“SOJ BOYING SISIBAKIN NA!!! PABIGAT NA SA ADMINISTRASYONG MARCOS!!! ITO PALA ANG DAHILAN …”,SOJ Boying getting axed! A burden in the Marcos administration!!! This is the reason,Fake,TAGALOG,ENGLISH
vera files fact check: sara duterte did not link liza marcos to onion smuggling,“JUSKO PO! PBBM DELIKADO sa MATINDING IBINUNYAG VPSARA DI NA NAKAPAG-PIGIL IBINUNYAG LIZA SMUGGLING .”,OH MY GOD! PBBM IN DANGER with SERIOUS REVELATION VP SARA COULDN’T RESTRAIN HERSELF REVEALED LIZA SMUGGLING,Fake,TAGALOG,ENGLISH
vera files fact check: china’s foreign ministry spokesman falsely claims ayungin shoal is part of china,,"“The Ren’ai Reef is part of China’s Nansha Islands. On February 6, a Philippine Coast Guard vessel intruded into the waters off the Ren’ai Reef without Chinese permission. In accordance with China’s domestic law and international law, including the United Nations Convention on the Law of the Sea , the China Coast Guard ship upheld China’s sovereignty and maritime order and acted in a professional and restrained way.”
Source: China Ministry of Foreign Affairs official website, Foreign Ministry Spokesperson Wang Wenbin’s Regular Press Conference on February 13, 2023  , Feb. 13, 2023",Fake,ENGLISH,ENGLISH
"vera files fact check: viral video shows building scaffold collapse in japan, not turkey",“Grabe nangyari sa turkey nito lang feb 6. 2023. Pag pray po nating sila at lagi din po tayo maging handa at mag iingat .”,What happened in Turkey this Feb. 6 2023 is severe. Let’s pray for them and let’s always be prepared and keep safe,Fake,TAGALOG,ENGLISH
vera files fact check: misleading video claims nlrc wants tulfo out of senate,“HALA! NLRC GUSTO IPATANGGAL SA SENADO SI SEN. TULFO | TAONG BAYAN MAG PEOPLE POWER DAW ?”,Oh no! NLRC wants to Tulfo removed from the Senate | Masses to allegedly stage people power,Fake,TAGALOG,ENGLISH
vera files fact check: raffy tulfo not expelled from the senate,“KAPAPASOK LANG! MATINDI TO! PRES MARCOS MARCOLETA GINULANTANG ang LAHAT RAFFY TULFO TANGAL na SENAD0 .”,JUST IN! THIS IS EXTREME! PRES MARCOS MARCOLETA SHOCKED EVERYONE RAFFY TULFO NOW REMOVED FROM SENATE,Fake,TAGALOG,ENGLISH
vera files fact check: defense chief claims without basis that rotc can ‘cure’ mental health problems,"“Nakikita ko po ‘yung ROTC program, the military training program, experiential po ang training niya; ‘yun ang pagkakaiba po ng tinatawag natin sa NSTP . Ang experience training is talaga pong naisasapuso niya po ang lahat ng ginagawa niya; ‘yung survival instinct nandoon. So ‘yung sinasabi natin ‘yung mental problem, it can be cured, kasi ‘yung frustration tolerance ng isang tao, tataas.”

Source: Senate of the Philippines, Committee on Higher, Technical and Vocational Education , Feb. 6, 2023, watch from 2:02:15 to 02:02:39",National Service Training Program,Real,TAGALOG,ENGLISH
vera files fact check: video of a condo collapse not related to turkey-syria quake,,“Strong 7.8 magnitude Earthquake hits Turkey and Syria. #PrayForTurkey #PrayForSyria #earthquake”,Fake,None,ENGLISH
vera files fact check: dela rosa’s willingness to be hanged over drug-related killings has no basis,"“Pwede niyo akong bitayin dito anytime kung na-prove ninyo diyan na ako’y nagkakasala. You can hang me in front of the Filipino people. You can hang me through the decision of our Filipino courts but, my God, not by a foreigner.”

Source: ABS-CBN News Youtube Channel, Omaga Diaz Report | TeleRadyo , Feb. 4, 2023, watch from 33:41 to 33:56","You can hang me here anytime if you prove that I’ve committed a crime. You can hang me in front of the Filipino people. You can hang me through the decision of our Filipino courts but, my God, not by a foreigner.",Fake,TAGALOG,ENGLISH
vera files fact check: viral video shows wrong suspect in ofw’s rape-slay,“FULL VIDEO OFW SA KUWAIT PIN*ATAY  LATEST UPDATE NAGSALITA NA ANG PUM*ATAY KAY JULLEBEE RANARA BUROL .”,OFW IN KUWAIT KILLED,Real,TAGALOG,ENGLISH
vera files fact check: dela rosa’s statement on icc complementarity principle is misleading,,"“As I have said, they don’t have jurisdiction over us so I have no plans of cooperating with them.”
Source: CNN Philippines official YouTube channel, Senator Bato Dela Rosa | The Source, Feb. 2, 2023, watch from 8:42 to 8:52",Fake,None,ENGLISH
vera files fact check: remulla’s statement asking icc to show ‘pattern’ of drug war killings needs context,,"“If they want us to investigate the pattern, then they should show us the pattern so that we can pick up from what their theory is.”
Source: ANC official YouTube channel, LOOK: DOJ holds press conference as ICC allows resumption of PH drug war probe | ANC, Jan. 27, 2023, watch from 13:56 to 14:05",Fake,None,ENGLISH
vera files fact check: video does not show execution of ofw murder suspect,“Binitay na ang pumatay sa pinay ofw sa kuwait…  JUSTICE WILL PREVAIL ❤️❤️❤️👇👇👇 Grabe ang iyak nang ina nya 👇👇👇”,Suspect behind the death of Filipina OFW in Kuwait hanged to death,Fake,TAGALOG,TAGALOG
vera files fact check: posts about a 206-year-old tibetan monk being the oldest person in the world not true,,"“𝗕𝗥𝗘𝗔𝗞𝗜𝗡𝗚 𝗡𝗘𝗪𝗦. A Tibetan monk, discovered in a mountain cave in Nepal this January 26, 2023, It’s now considered as the oldest person in the world at 206 𝘠𝘌𝘈𝘙𝘚 𝘖𝘓𝘋! He was found in a state of deep meditation called, ‘takatet.’ ‘If the meditator can continue to stay in this meditative state, he can become a Buddha,’ Dr Kerzin said. Archaeologists first thought he was a mummy but then noticed that he has vital signs and is alive! Among his things, they found an old scroll that says, ‘Maniwala’y ulaga’.”",Fake,None,ENGLISH
"vera files fact check: deped to revise, not abolish k to 12","“KAKAPASOK LANG GRABE! PBBM at VPSARA NILUSOB ang DEPED, K-12 PROGRAM ni PNOY OFFICIAL ng TINANGGAL ?!”","JUST IN EXTREME! PBBM and VPSARA BARGED into DEPED, PNOY’S K-12 PROGRAM OFFICIALLY REMOVED",Fake,TAGALOG,ENGLISH
#anoraw: doj spokesperson’s claim on icc jurisdiction needs context,"“There’s no question that we do not submit to the jurisdiction dahil hindi na po tayo miyembro ng ICC .”
Source: Camilo Belleza Millendez, SATURDAY NEWS FORUM AT DAPO RESTO, QUEZON CITY – JAN. 28, 2023, watch from 11:15 to 11:20",because we’re no longer a member of ICC,Fake,TAGALOG,ENGLISH
vera files fact check: remulla skips context on philippines’ membership in the icc again,,"“I do not get why they insist on entering the Philippines in spite of the fact that we are no longer members [of the ICC].”
Source: ANC official YouTube channel, LOOK: DOJ holds press conference as ICC allows resumption of PH drug war probe | ANC, Jan. 27, 2023, watch from from 1:07 to 1:18",Real,None,ENGLISH
"vera files fact check: marcos wrongly states that ph is ‘leading’ in economic recovery in asia-pacific, world",,"“Our WEF engagement has enabled the many leaders and experts in government, in business, civil organization, and in the academe that were in attendance to receive the good news that the Philippines is leading economic recovery and performance not only in the Asia-Pacific but also in the world.”
Source: RTVMalacañang, Arrival Statement from Participation to the World Economic Forum in Davos, Switzerland 01/21/2023, Jan. 21, 2023, watch from 2:52 to 3:12",Real,None,ENGLISH
vera files fact check: vlogger twists pfizer ceo’s statement on covid vaccines,,"“Vaccination rate, as I said, will stabilize to way lower levels than the levels that we saw when we launched the product. So, first dose, 80%; second dose, 75%, right? So that’s the prime. Then in the booster, we went down to 50%, 60%. In the second booster, the fourth dose, we went down to 30%, as I said. I think we’ll stabilize somewhere there.
This is not enough, because as the population is — as time passes, the population will be less immunized, less current. And as a result, the waves that will be coming will come in with higher — the clinical manifestation of these waves will be more severe disease and more hospitalization, basically. That will drive a higher level of treatment demand. So that on volumes, how we see that happening.”
Source: Pfizer Inc. , 41st Annual J.P. Morgan Healthcare Conference  ",Real,ENGLISH,ENGLISH
vera files fact check: posts falsely claim tulfo abolished k to 12 program,“KAKAPASOK LANG HALA KA! SEN RAFFY TULFO UMAKSYON NA K-12 PROGRAM ni PNOY TANG-GAL NA VPSARA PBBM !”,"JUST IN OH, NO! SEN RAFFY TULFO ALREADY TOOK ACTION K-12 PROGRAM OF PNOY NOW REMOVED VPSARA PBBM",Fake,TAGALOG,ENGLISH
vera files fact check: taking night showers does not increase risk of stroke,“Ang aksyon ng maraming tao lalo na ang mga kabataan ay ang pagliligo sa gabi. Mataas na rate ito ng stroke. Ito [ay] dahil sa biglang pagbabago sa presyon ng ating dugo ”,"Many people, especially the youth, take a shower at night. This [leads to] a higher rate of stroke. This [is] because of a sudden change in blood pressure.",Fake,TAGALOG,ENGLISH
vera files fact sheet: problems rocking the salt industry?,,"“Experience over the years in Thailand, Guatemala, Colombia, Germany, and countries from the former USSR illustrate that the iodine nutrition status of populations can quickly deteriorate when salt is no longer iodized after a period of adequate iodine nutrition.”
Source: Sage Journals, Iodine Deficiency: Consequences and Progress toward Elimination, October 2003",Real,None,ENGLISH
vera files fact check: marcos presidency not predicted by nostradamus,,“In the 57th of 19th Century / the peace and justice and the blood of love / from the blessed. Land of the Oriental pearl in Asia / an innocent boy shall be born.”,Fake,None,ENGLISH
vera files fact check: sen. cynthia villar falsely claims ph coconut industry is ‘as big’ as rice,"“Bakit nila [government agencies] pinara ‘yung [non-iodized] salt production para [sana] magkaroon kayo ng fertilizer for coconut? Remember, ang laking industry ng coconut sa Philippines, kasing laki sila ng rice. So ‘pag dineprive mo sila ng fertilizer, you are killing also the coconut industry.”

Source: Senate of the Philippines Official Youtube Channel, Committee on Agriculture, Food and Agrarian Reform, Jan. 18, 2023, watch from 48:39 to 49:11","Why did they halt [non-iodized] salt production … so you have fertilizer for your coconut? Remember, the coconut industry is big in the Philippines, it is as big as rice. So, if you deprive them of fertilizer, you are killing also the coconut industry.",Fake,TAGALOG,ENGLISH
vera files fact check: sammi egg essence mask not fda-registered,,"“As a dermatologist doctor, I really want Fillipino  women to have healthy, youthful skin and always loved by husband. Korea’s leading cosmetic experts have researched the product Sammi Egg Essence Mask that can help smooth, firm and even skin tone, can be used for both pregnant women and people with extreme skin sensitive period.”",Fake,ENGLISH,ENGLISH
vera files fact check: another video falsely claims marcos sacked remulla,“KAPAPASOK LANG! SAWAKAS! PRES MARCOS KINA-USAP nasi SOJ REMULLA nag DISISYON na TANGAL nasa PWESTO !”,"Just in! Finally! Pres Marcos talked to SOJ Remulla, decided to remove from position",Fake,TAGALOG,ENGLISH
vera files fact check: sara duterte has not abolished k to 12,“GOODNEWS! MATlNDlNG UTOS DEPED K 12 ni PNOY BUBUWAGIN PIRMADO NA !”,SEVERE ORDER PNOY’S DEPED K 12 WILL BE ABOLISHED ALREADY SIGNED,Fake,TAGALOG,ENGLISH
vera files fact check: marcos claim on ‘slowing’ inflation rate needs context,,"“Yeah, well at least 8.1 nag-increase lang ng  0.1 [%] and the rate of increase is slowing.”
Source: Office of the Press Secretary, Official transcript of President Ferdinand R. Marcos Jr. at the Kapihan with the Media , Jan. 5, 2023",Fake,ENGLISH,ENGLISH
vera files fact check: bsp did not issue p500 marcos sr. banknote,“OMG! BAGONG PERA NG PILIPINAS INILABAS NA ! NEW PHILIPPINE BANK NOTES AND COINS.”,NEW BANKNOTES OF THE PHILIPPINES NOW RELEASED,Fake,TAGALOG,ENGLISH
vera files fact check: no data supporting omicron xbb variant is ‘5x’ deadlier than delta,,"“XBB is 5 times more toxic than Delta variant and has a higher mortality rate. It takes a shorter time for the condition to reach extreme severity, and sometimes there are no obvious symptoms.”",Real,None,ENGLISH
"vera files fact check: cnn philippines, doh disown fake exposé on ‘hidden hypertension cure’",“Iskandalo sa studio! Itinago nila ang pangunahing lunas para sa presyon mula sa mga pasyenteng hypertensive! Sila pala …”,Scandal in the studio! They concealed the primary cure for hypertension from hypertensive patients! They are,Fake,TAGALOG,ENGLISH
vera files fact check: sandro marcos did not call filipinos ‘entitled’ over flight delays,,"WARNING!

SMNI strongly disowns this fake quote card circulating in social media. We assure the public that SMNI will only deliver ‘Truth That Matters’. pic.twitter.com/kvW4BrOaKS
— SMNI News  January 8, 2023",Fake,ENGLISH,ENGLISH
vera files fact check: neypro 1 gold is not approved by fda,"“Kidney stones, kidney failure, physiological weakness, nocturia, masakit na pag-ihi, insomnia, pananakit ng likod, pamamaga ng mga kamay at paa agad gumamit ng Neypro 1 Gold .”","painful urination, insomnia, back pain, swelling of the hand and foot, immediately use Neypro 1 Gold",Fake,TAGALOG,ENGLISH
vera files fact check: another fake ad uses doc willie ong’s name to promote weight loss cereal,,"“Research on thousands of people who have successfully regained their shape, lσst mαny k.g in a short time and improved their health effects after eating MEIZOU Chia seeds. The product has been approved by the FྂDA  as safe and good for health.”",Fake,ENGLISH,ENGLISH
vera files fact check: hontiveros not involved in 2014 philhealth bonus mess,“JUST IN: KORTE MAY ORDER NA KAY RISA NA DAPAT IBALIK ANG PERANG NINAKAW NILA MULA SA PHILHEALTH! ”,Court orders Risa to return money stolen from PhilHealth!,Fake,TAGALOG,ENGLISH
vera files fact check: false ‘naia reverting to mia’ claim resurfaces,"“KAKAPASOK LANG TAGUMPAY! BIGLAANG UTOS! PRES MARCOS NAIA PAPALITAN NA SAWAKAS! DlLAWAN NGA-NGA NA!
”",JUST IN SUCCESS! SUDDEN ORDER! PRES MARCOS NAIA WILL BE RENAMED FINALLY! YELLOWS SPEECHLESS!,Fake,TAGALOG,ENGLISH
vera files fact check yearender: a relentless stream of red-tagging in 2022,,"“…the act of labelling, branding, naming and accusing individuals and/ or organizations of being left-leaning, subversives, communists or terrorists  a strategy…by State agents, particularly law enforcement agencies and the military, against those perceived to be threats or enemies of the state.”
Source: International Peace Observers Network , Red-Baiting: Civil Society under general suspicion, Nov. 2, 2011",Real,ENGLISH,ENGLISH
"vera files fact check: another death hoax claims kris aquino collapsed, died during jovit baldivino’s wake",“KRIS AQUINO NAG COLLAPSE SA LAMAY NI JOVIT BALDIVINO! PUMANAW NA ! ACTUAL FULL VIDEO NAKUHA SA LAMAY ! Thank  For Watching.”,KRIS AQUINO COLLAPSED DURING JOVIT BALDIVINO’S WAKE! [SHE] HAS PASSED AWAY,Fake,TAGALOG,ENGLISH
vera files fact check: video falsely claims marcos jr. went to belgium to withdraw father’s $987 billion from a bank,“CONFIRM! PBBM PUPUNTA NG BELGIUM PARA MAKUHA ANG $987 BILYON NA YAMAN NI FEM PARA SA MGA PILIPINO !”,PBBM WILL GO TO BELGIUM TO GET FEM’s $987 BILLION WEALTH FOR THE FILIPINOS,Fake,TAGALOG,ENGLISH
vera files: video falsely claims marcoleta will replace carlos as national security adviser,“MARCOLETA IPAPALIT KAY CLARITA CARLOS! CLARITA SIKRETONG MAKIKIPAG KITA KAY JOMA! BUKING NI PBBM !”,MARCOLETA TO REPLACE CLARITA CARLOS! CLARITA TO SECRETLY MEET WITH JOMA! EXPOSED BY PBBM,Fake,TAGALOG,ENGLISH
vera files fact check: marcoleta’s odd solution to hunger among filipinos based on inaccurate info,"“Ano po ba ‘yung mga kinakain ng mga astronauts sent to the orbit? Kasi po kaya ko tinatanong ‘yon, they are in orbit, they spend days, even months, without cooking their food kasi po hindi naman sila pwedeng magluto doon sa kanilang spaceship. Tama po ba?”

Source: Commission on Appointments Official Youtube Channel, CA COMMITTEE MEETINGS ON DOE, DOST, DOTR, DFA, CAUCUS & PLENARY SESSION , Dec. 7, 2022, watch from 2:33:08 to 2:33:35","What do astronauts eat when they are sent to the [Earth’s] orbit? I asked this because when they are in orbit, they spend days, even months, without cooking their food because they can’t cook in their spaceships. Is this correct?",Fake,TAGALOG,ENGLISH
vera files fact check: writer krizetta chu’s comment on fbi’s jurisdiction over quiboloy needs context,"“Akala ko talaga magaling ang FBI. | Pero di nila kaya hanapin yung Wanted nila na si Pastor Apollo Quiboloy.”


Source: Krizette Laureta-Chu’s official Facebook page, Akala ko talaga magaling ang FBI… , Dec. 11, 2022",I really thought the FBI was good. But they cannot find their wanted person Pastor Apollo Quiboloy.,Fake,TAGALOG,ENGLISH
vera files fact check: bsp governor medalla’s joint statement with economic managers supporting maharlika investment fund bill needs context,,"“We, the Economic Managers of the Marcos Jr. Administration, strongly support the creation of the Maharlika Wealth Fund as a vehicle to move forward the Agenda for Prosperity and achieve the economic goals of the administration.
The establishment of a Sovereign Wealth Fund is a tried and tested investment vehicle that has been used by governments in both first world and developing countries to achieve their economic objectives.”
Source: Department of Budget and Management official website, Statement of Economic Managers on the Creation of the Maharlika Wealth Fund, Dec. 9, 2022",Fake,None,ENGLISH
vera files fact check: netizens revive false post about vetsin-filled vitamin c capsules,"“MAY KUMAKALAT NGAYON NA NAMIMIGAY DAW NG VITAMINS PERO ANG LAMAN NG VITAMINS AY VETSIN.. TANDAAN NYO PO KUNG MAY MAMIMIGAY NG VITAMINS  MAS MABUTING SURIIN MUNA BAGO ITO INUMIN”
","Rumors are spreading that vitamins being given away actually contain vetsin. If someone gives you vitamins, remember to check before consuming it.",Fake,TAGALOG,ENGLISH
"vera files fact check: fb pages, netizen misleadingly claim 2016 wealth fund bill similar to maharlika fund","“’Yung galit na galit ang mga #Dilawan at anti-gov leftists activists terrorists sa panukalang-batas na Maharlika Wealth Fund. Pero ang hindi nila alam eh mungkahi pa ‘yan nila panahon pa ni PGMA hanggang sa termino ni PRRD. Hindi nga lang naisabatas pa.
",#Dilawans and anti-gov leftists are mad at the Maharlika Wealth Fund bill. But what they don’t know is that this has been proposed from the time of [former President Gloria Arroyo] to [former President Rodrigo Duterte]. It was just not enacted.,Fake,TAGALOG,ENGLISH
vera files fact check: marcos did not order remulla to step down,“KAKAPASOK LANG  PRES MARCOS GOODJOB! DOJ REMULLA PlNABABA SA PWESTO GENERAL BANTAG HUMARAP NA .”,JUST IN,Fake,TAGALOG,ENGLISH
vera files fact check: marcos remains acting agriculture secretary and has yet to appoint a replacement,“KAPAPASOK LANG! PRES MARCOS nag DISISYON na MAR ROXAS NATUWA BAGONG DEP AGRICULTURE PINANGALANAN na .”,JUST IN! PRES MARCOS already made a DECISION MAR ROXAS DELIGHTED NEW DEP AGRICULTURE ALREADY NAMED,Real,TAGALOG,ENGLISH
"vera files fact check: arroyo, marcos claim that bam aquino proposed ‘same’ sovereign wealth fund bill needs context",,"“Sovereign Wealth Funds are not new. Singapore, for example, has had Temasek Holdings since 1974 and the Government of Singapore Investment Corporation since 1981. There are more than 20 sovereign wealth funds in the Middle East. Even in the Philippines, the idea is not new – then Senator Paolo Benigno “Bam” Aquino filed a bill to create such a fund in 2016.”
Source: ABS-CBN Political Correspondent RG Cruz Twitter Account, Former President/Senior Deputy Speaker…, Dec. 5, 2022; Rappler, Former president and House Senior Deputy Speaker Gloria Macapagal Arroyo defends…, Dec. 5, 2022; Philippine News Agency, READ | Statement of Senior Deputy Speaker Gloria Macapagal-Arroyo on the Maharlika Fund, Dec. 5, 2022",Fake,None,ENGLISH
vera files fact check: fake robredo quote card on election results circulates anew,“Kaya siya nanalo kasi natalo ako . .”,He won because I lost,Fake,TAGALOG,ENGLISH
vera files fact check: bato dela rosa’s shifting stance on ‘punishment’ for drug users,"“While we want to punish the offenders we are also after their rehabilitation and reformation, na pwede pa silang magbagong buhay. Nakikita natin na sa tagal ko sa PNP, lahat ng kulungan na napuntahan ko, times 1000% ‘yung kanilang occupancy rate. Sobrang punong-puno, hindi na makatulog.

Source: Official Youtube Channel, Dobol B TV Livestream: November 25, 2022 – Replay, Nov. 25, 2022, watch from 3:16:52 to 3:17:14","While we want to punish the offenders, we are also after their rehabilitation and reformation so they can turn their lives around. I’ve seen that in the long time I was with the PNP, in all the jails I’ve seen, their occupancy rate is times 1000%. It’s really congested, you can’t even sleep.",Real,TAGALOG,ENGLISH
vera files fact check: marcos jr.’s claim that rice now at p25 per kilo statement needs context,"“Bukod pa roon ay palapit na nang palapit tayo sa presyo na aking pinapangarap para sa bigas, especially dahil naibibili na natin ng 25 pesos… ubos kaagad iyan. Siguradong ‘yan ang unang nauubos, eh. Kaya’t gagawin natin itong national program na, hindi lamang sa mga LGU.”
 a national program, not just for the LGUs.)
Source: RTVMalacañang official Facebook page, Kadiwa ng Pasko Caravan in Quezon City, Dec. 1, 2022, watch from 29:02 – 29:31","Aside from this, we’re getting closer to the price I dreamed of for rice, especially since we can now buy this for 25 pesos…. that will be sold quickly. I’m sure it will be the first to be sold out. This is why we must make this (Kadiwa ng Pasko Caravan",Fake,TAGALOG,ENGLISH
vera files fact check: city of pearl not under duterte or marcos infra projects,,"“City of Pearl ang isa sa mga proyekto sa ilalim ng Build Build Build ni PRRD na itutuloy sa ilalim ng Build Better More ni PBBM (City of Pearl is one of the projects under [former president Rodrigo Duterte’s] Build Build Build, which will be continued under the Build Better More of [Marcos].”",Fake,None,TAGALOG
vera files fact check: zubiri inaccurately claims that confidential funds can be used for repair of classrooms,"“Wouldn’t it be easier kung may confidential funds ka na ibibigay sa mga eskwelahan na nangangailangan ng bubong? May pondo ka na, eh.  You have to remember na kung maglalagay ka ng eskwelahan sa isang lugar, naka-earmark na ‘yan. Kung walang bagyo dun, paano iyong karatig na bayan na natamaan ng bagyo o natamaan ng flash flood at sila ang nangangailangan?”

Source: Senate of the Philippines, Transcription of Senate President Juan Miguel “Migz” Zubiri’s Press Conference, Nov. 7, 2022","Wouldn’t it be easier if you have confidential funds for schools that need a roof? You already have funds. You have to remember that when you build a school in one place, that’s already earmarked. If there’s no typhoon there, how about the neighboring town hit by a typhoon or flash floods that needs funds?",Fake,TAGALOG,ENGLISH
vera files fact check: tagle not ‘kicked out’ of vatican office for ‘misappropriating money’,“KAHAY0PAN NG D1LAWANG CARDINAL NADlSKUBRE | TAGLE KlNARMA SA PAGWALDAS NG PERA SINIPA NG SANTO PAPA !”,DEBAUCHERY OF YELLOW CARDINAL DISCOVERED | TAGLE GOT KARMA FOR WASTING MONEY KICKED OUT BY THE POPE,Fake,TAGALOG,ENGLISH
vera files fact check: photo of susan roces’ wake passed off as kris aquino’s ‘hidden wake’ in another hoax,"“GRABE! UNANG GABI NG LAMAY SA BUROL NI KRIS AQUINO DINAGSA NG MGA TAO, KAIBIGAN AT KAMAG-ANAK .”","SEVERE! FIRST NIGHT OF KRIS AQUINO’S WAKE FLOCKED BY PEOPLE, FRIENDS AND RELATIVES",Fake,TAGALOG,ENGLISH
vera files fact check: kris aquino is not dead,“BREAKING NEWS! BANGKAY NI KRIS AQUINO PABALIK NA SA BANSA | Kris Aquino Pumanaw Na !”,Kris Aquino’s corpse headed back to the country | Kris Aquino has passed away,Fake,TAGALOG,ENGLISH
vera files fact check: posts on bucor chief’s statement on allowing pdls to use gadgets need context,“Pwedi  na gumamit ng cellphone tablet at computer sa BUCOR .”,sic,Real,TAGALOG,ENGLISH
vera files fact check: marcos did not order the junking of subpoena issued to bantag,“KAKAPASOK LANG BAGONG UTOS PRES MARCOS SUBPOENA BlNASURA GENERAL BANTAG SOJ REMULLA CATAPANG NANLUMO ”,JUST IN NEW ORDER PRES MARCOS SUBPOENA JUNKED GENERAL BANTAG SOJ REMULLA CATAPANG DISHEARTENED,Fake,TAGALOG,TAGALOG
vera files fact check: circulating graphic of kiko-risa tandem for the 2028 elections not official,"“KIKO/RISA TANDEM KASADO na sa 2028/LENI ROBREDO NILAGLAG!KIKO NATALO daw SIYA DAHIL sa FAKE NEWS!”
",KIKO/RISA TANDEM NOW FINAL FOR 2028/LENI ROBREDO DROPPED! KIKO SAID HE allegedly LOST BECAUSE of FAKE NEWS,Fake,TAGALOG,ENGLISH
vera files fact check: false posts listing down beneficiaries of marcos admin’s housing program spread anew,"“PBBM Pambansang Pabahay Para sa Pilipino Program. 6 Million Pabahay ang itatayo ni PBBM, at nag uumpisa na kaming mag lista ng mga makakasama..SA MGA GUSTO MAG PALISTA ONLINE REGISTRATION MAG PALISTA DITO.”
","6 Million housing units will be built by PBBM, and we already started listing down those who will be included. TO THOSE WHO WANT TO BE LISTED UNDER ONLINE REGISTRATION REGISTER HERE",Fake,TAGALOG,ENGLISH
vera files fact check: robredo not kicked out from harvard,"“LENI EVICTED SA HARVARD? PBBM IMBITADO SA WORLD ECONOMIC FORUM KAHIT DI EKONOMISTA! LENI NAGWALA?”

",Leni evicted from Harvard? PBBM was invited to the World Economic Forum despite not being an economist! Leni outraged?,Fake,TAGALOG,ENGLISH
vera files fact check: sara duterte did not reinstate bantag as bucor chief,“KAKAPASOK LANG SA WAKAS! VPSARA UMAKSYON NA! GENERAL BANTAG BALIK BUCOR! CATAPANG UMAMIN NA REMULLA .”,JUST IN FINALLY! VPSARA TOOK ACTION! GENERAL BANTAG BACK TO BUCOR! CATAPANG ALREADY CONFESSED REMULLA,Fake,TAGALOG,ENGLISH
vera files fact check: zubiri falsely claims no drug-related killings under marcos admin,,"“When we went to [the] EU [European Union], they discussed a bit of human rights but we told them, it is the new administration, there’s a new policy. The president said maximum tolerance when it comes to human rights …”
Source: Senate of the Philippines, Senate President Juan Miguel “Migz” Zubiri’s Press Conference , Nov. 7, 2022, watch 00:16 to 00:26",Fake,ENGLISH,ENGLISH
"vera files fact check: marcos repeats claim on having the highest number of votes, needs context","“Pagkakataon na namin ito na magpasalamat ulit sa inyong lahat sa suportang ibinigay ninyo at hindi pangkaraniwan na suporta. Ito ang pinakamalaking boto na nakuha ng kahit sinong kandidato sa buong kasaysayan ng Pilipinas.”

Source: Radio Television Malacañang – RTVM, Meeting with the Filipino Community, Nov. 13, 2022, watch from 56:48 to 56:55","This is our chance to thank you all for the support you have given, and it’s not ordinary support. This is the biggest vote garnered by any candidate in Philippine history.",Fake,TAGALOG,ENGLISH
"vera files fact check: zubiri falsely claims ph has ‘very free media’ compared to malaysia, singapore","“We have a free media. You are [sic] guys are all free. [Nami-]misquote nga ako minsan, eh. Naiinis nga ako sa inyo minsan. You take my quote out of context kaya pinapa-record ko na, eh. Alam mo, we have a very free media as compared to Singapore, as compared to Malaysia, as compared to Vietnam.”

Source: Senate of the Philippines, Transcription of Senate President Juan Miguel “Migz” Zubiri’s Press Conference, Nov. 7, 2022","We have a free media. You are [sic] guys are all free. I’m even misquoted sometimes. I’m upset with you sometimes. You take my quote out of context. That’s why I’ve asked for everything to be recorded. You know, we have a very free media as compared to Singapore, as compared to Malaysia, as compared to Vietnam.",Fake,TAGALOG,ENGLISH
vera files fact check: posts claiming ‘itaewon-like’ crowd crush at moa fake,,“Tragedy of stampede in Korea was repeated in the Pilipinas . It is now estimated that 28 people have been injured and fainted…Rescue crews received at least 61 calls from residents in Pasay City saying they were having trouble breathing.”,Fake,ENGLISH,TAGALOG
vera files fact check: bantag not flagged at airport,"“Grabe Malaking gulo ito! General Bantag hinarang sa airport at pinapaamin na! Dating Pangulong Rodrigo Duterte nagulat sa itinuturo na isa pang MASTERMIND!”
","Wow, this is a big mess! General Bantag blocked at an airport and asked to confess now! Former President Rodrigo Duterte shocked over the other tagged mastermind!",Fake,TAGALOG,ENGLISH
vera files fact check: fake liza ong facebook page posts ad for slimming powder,"“Ang lotus root powder ay… may epekto ng pagpigil sa labis na timbang, labis na katabaan, pagtatae, mga digestive disorder na dulot ng bakterya, pagbabawas ng kolesterol sa dugo.”
","Lotus root powder has… an effect in stopping excess weight, excess fat, diarrhea, digestive orders caused by bacteria, [and] reducing blood cholesterol.",Fake,TAGALOG,ENGLISH
vera files fact check: arrival of philippines’ first nuclear submarine not true,“Ang Unang Nuclear ng Pilipinas Dumating Na! Sandatahang Lakas ng Pilipinas Papantay na sa China  of the Philippines has arrived! The Philippines’ Armed Forces will now be on par with China).”,The first nuclear (submarine,Fake,TAGALOG,ENGLISH
vera files fact check: gerald bantag not back as bucor chief,“YARE! GENERAL BANTAG BABALIK NA! SA WAKAS BISTADO NA! GEN. CATAPANG WILLING MAG PARAYA SA PWESTO !”,"Dead! General Bantag returns! At last, caught! Gen. [Gregorio] Catapang willing to step down from seat",Fake,TAGALOG,ENGLISH
vera files fact check: the ‘marcos gold’ was not discussed in marcos-biden meeting,"“MARCOS WEALTH ANG KATOTOHANAN! utang ng AMERICA sa ginto ni MARCOS MABABAYARAN NA? ,  was posted on Sept. 23 by YouTube channel Foodie Neth  and reposted by FB page ADF 2.0 .",Marcos wealth: the truth! America’s debt on Marcos gold to be paid?,Fake,TAGALOG,ENGLISH
vera files fact check: resigned executive secretary rodriguez retracts statement on cabinet post,,"“I confirm that I have completely exited the administration of President Bongbong Marcos, after having spoken to him at length about my wish to spend most of my time with my family … a very personal decision that was happily made.”
Source: Atty. Vic Rodriguez’s Facebook account, I confirm that I have…, Oct. 5, 2022",Real,None,ENGLISH
vera files fact check: government housing program not funded by ‘marcos wealth’,“Goodnews! Marcos Wealth ipopondo na para sa sambayanang Pilipino! 6M units pabahay ni PBBM nag-umpisa na !”,Marcos Wealth will be used for the Filipino people! 6M housing units program of PBBM has started,Fake,TAGALOG,ENGLISH
"vera files fact check: teddy casiño, renato reyes not arrested by police","“KAKAPASOK LANG! PRES BONGBONG UMAKSYON AGAD! TEDDY CASINO ARESTADO! RENATO REYES DINAMPOT! PNP AYOS
!”","Just in! Bongbong Marcos took action! Teddy Casiño arrested! Renato Reyes picked up! Nice, PNP",Fake,TAGALOG,TAGALOG
vera files fact check: robredo did not say ‘sunshine after rain is climate change’,"“Pag ang ulan tumila tapos biglang umaraw climate change na iyun. Iyun na ang climate change. Kaya huwag natin gawing biro kung di naman tayo seryoso.”
","When the rain stops pouring then the sun suddenly shines, that’s climate change. That is climate change. So let’s not make fun of it when we are not serious.",Fake,TAGALOG,ENGLISH
vera files fact check: dela rosa makes baseless claim that ‘no crimes against humanity’ occurred in the philippine drug war,"“Kung tanungin mo naman ang Pilipino, wala namang nangyayaring crimes against humanity dito sa ating bansa . For all we know, the Filipino should know it more than Mr. Khan …”
Source: CNN Philippines, ICC prosecutor, binatikos ukol sa pagbukas ng drug war probe | News Night, Sept. 28, 2022, watch from 06:37 to 06:48","If you ask Filipinos, there are no crimes against humanity happening in our country",Real,TAGALOG,ENGLISH
vera files fact check: press secretary misleads with statement that inflation is ‘not due to any local factors’,,"“[T]he president is in constant touch with the economic team and they are closely monitoring this. As you know naman, the inflation rate isn’t due to any local factors; it’s really about the exchange rate.”
Source: RTVMalacañang, Press Briefing of Press Secretary Trixie Cruz-Angeles 9/27/2022, Sept. 27, 2022, watch from 6:32 to 6:53",Fake,None,ENGLISH
vera files fact check: ntf-elcac official’s claim that international community made ‘a strong statement’ and ‘position’ on cpp-npa needs context,,"“Even the international community made a strong stance against the Communist Party of the Philippines as a foreign terrorist organization. That’s the funny part. We are here in the Philippines is telling  that the CPP-NPA is not a terrorist organization while, in fact, the other organization, the international community, has already made a strong statement, and even position, that they are  a terrorist group.”
Source: ANC 24/7 Official Youtube Channel, NTF-ELCAC reacts as court junks case vs CPP-NPA | ANC, Sept. 22, 2022, watch from 1:05 to 1:43",Fake,ENGLISH,ENGLISH
vera files fact check: marcos’ claim that ph ‘remains on track’ to reach upper middle-income status by 2023 needs context,,"“Despite the challenges of the pandemic and the global economic upheavals, we remain on track to reach upper middle-income status by next year. With steady investments in food, public health, education, and other social services, we expect to become a moderately prosperous country by 2040. I am confident that we will achieve this vision.”
Source: RTVMalacañang, Statement at the 77th Session of the UNGA General Debate  9/20/2022, Sept. 21, 2022",Fake,ENGLISH,ENGLISH
vera files fact check: press secretary falsely claims biden ‘spoke only’ with marcos jr. among world leaders on the sidelines of unga,,“I understand a lot of requests have been made to the U.S. president. That is significant that he spoke only with President Marcos on the sidelines of the U.N. General Assembly.”,Fake,None,ENGLISH
vera files fact check: interior secretary’s claim that police officers are ‘mandated by law’ to wear body cameras needs context,"“It’s mandated by law. Kailangan talaga ng body cam[era].”
",It’s mandated by law. Body cam[era] is really required.,Fake,TAGALOG,ENGLISH
vera files fact check: graphic showing kabataan party-list rep. manuel’s support for rotc is fake,"“Kumbinsido kami na majority ng mga Pilipino ay suportado ang pagbabalik ng mandatory ROTC. Kapag tinanong ang mga Pilipino kung suportado nila ang isang programa na magsusulong ng nasyunalismo, disiplina at kahandaan sa sakuna, sino ang aayaw? Gusto ng mga kababayan natin ang mga iyan lalo na ang ROTC. Magkaisa tayong suportahan ito.”
","We are convinced that the majority of Filipinos support the return of mandatory ROTC. If you ask Filipinos if they support a program that supports nationalism, discipline, and disaster preparedness, who will say no? Our fellow citizens would like that, especially ROTC. Let’s help each other and support it.",Fake,TAGALOG,ENGLISH
vera files fact check: ‘new p10k ayuda on gcash’ from cayetano fake,"“Bagong bago!!!, Simulan nyo na habang konti palang,  nakaka alam P10,000 Ayuda on GCash, PM me for details, and free giveaway for everyone PM me how.,  While others are complaining, remember opportunity comes but once so be the one to tell others about it. Start it while only few know it.,  PM me po Legit.”
 PM me Legit.)",,Fake,ENGLISH,ENGLISH
vera files fact check:  fil-am philanthropist not behind leni robredo’s harvard fellowship,,"“Ay, na-post! Thank you, Manay Loida Nicolas Lewis for the invite for #LenLen in Harvard! See the connection?” ‘It doesn’t have to be true. It just need  to look like it.’ #AlamNaThis #KayaPala #Budol #Scam #PangUuto #Panlilinlang #Panloloko #Pambubudol.”
 to look like it.’ #NowWeKnow #That’sWhy #Swindle #Scam #Misleading #Deceiving #Fraud.)",Fake,ENGLISH,ENGLISH
"vera files fact check: smni tweet on calls for marcos resignation, #letsaralead fake",,"“LOOK: The hashtag #LetSaraLead has topped Philippine Twitter trends as of 11PM on Monday after former BBM supporters called for Pres. Bongbong Marcos Jr. to resign over ‘broken promises.’
‘Magparty ka na lang’ and #BBMResign are also among the trending topics.”",Fake,None,ENGLISH
vera files fact check: afp is not court-martialing legarda,"“Nais din ng Armed Forces of the Philippines na tanggalin si Legarda at patawan ng karampatang parusa bilang isang reserve officer dahil sa malaking violation nito sa batas at maaaring isailalim pa ito sa court martial.”
","The AFP wants to remove Legarda and mete out the punishment for her as a reserve officer for severely violating the law, and she might even undergo court martial.",Fake,TAGALOG,ENGLISH
"vera files fact check: take 2 for ‘aircon sale’ scam with altered image, bogus links",,"“Shocking information!! Dozens of ambulances from the Philippine General Hospital in the capital Manila were present at the Mall of Asia Arena to treat hundreds of people who had to faint because of waiting in line for 3 days here, leading to lack of oxygen.”",Real,None,ENGLISH
vera files fact check: legarda statements on cpp twisted to mislead,"“Hindi kalaban ng pamahalaan ang Communist Party of the Philippines .  Ginagalang ko ang mga taga-CPP dahil sa magandang pananaw nito para sa bayan kahit na hindi ito nakalinya sa adhikain ng karamihan. Hindi dapat tawaging kalaban ang CPP.”
",CPP,Real,TAGALOG,ENGLISH
vera files fact check: mary jane veloso’s father falsely claims that previous presidents ‘did nothing’ to help her,"“Talagang pinaglalaban po namin ‘yan. Sana huwag naman niya po pababayaan dahil pangatlong presidente na po siya;  ang dalawa walang nagawa. Ang pag-asa na lang namin, siya.”

Source: ABS-CBN News, Mary Jane Veloso’s father recounts family’s struggle due to her imprisonment, Sept. 4, 2022",We are really fighting for that. We hope he doesn’t abandon the case because he is the third president; the previous two were unable to do anything. He’s our only hope now.,Fake,TAGALOG,ENGLISH
vera files fact check: bani police station infographic wrongly claims that cursing is ‘prohibited’ by law,"“May kilala ka bang mahilig magmura? Alam mo bang ipinagbabawal na ito ayon sa Bawal Bastos Law o Safe Spaces Act? Parusa: makukulong ng 30 araw at magkakamulta hanggang P10,000.”

Source: Malabon Times, MALABON: Mahilig ka bang…,  Aug. 22, 2022; Rommel Lopez Twitter Account, Meron po kaming kilala… , Aug. 24, 2022","Do you know someone who likes cursing? Do you know that this is prohibited under the Bawal Bastos Law or Safe Spaces Act? Penalty: imprisonment of 30 days or up to  P10,000 fine.",Real,TAGALOG,ENGLISH
"vera files fact check: pao forensics chief spews false, misleading claims about 2014 dengvaxia study results","“Clinical trial po ito. More than 10,000 pong mga kabataan ang sinaksakan dito. Napakababa po ng efficacy, 56% lang. At six out of 10 na sasaksakan mo ng Dengvaxia ay magsa-suffer ng severe adverse effects, anim out of 10.”

Source: TeleRadyo, PAO binatikos ang panawagang gamitin ulit ang Dengvaxia sa kabila ng rising dengue cases, watch from 5:06 – 5:28","This was a clinical trial. More than 10,000 children were vaccinated. The efficacy was very low, just 56%. Six out of 10 who were vaccinated with Dengvaxia will suffer severe adverse effects, six out of 10.",Fake,TAGALOG,ENGLISH
vera files fact check: queue in japan misleadingly used to show commuters in s. korea,"RUSH HOURS COMMUTERS IN PHILIPPINES, SOUTH KOREA AND JAPAN. Meanwhile in the Philippines, ayaw ng mahabang pila. Kawawa daw sabi ng mga alagad ni Santa Leni. ","Rush hours commuters in Philippines, South Korea and Japan. Meanwhile in the Philippines, people don’t like long lines. Followers of Saint Leni say they are pitiful.",Fake,TAGALOG,ENGLISH
vera files fact check: press secretary’s remark that monkeypox ‘is not particularly fatal’ needs context,,"“First of all, it’s only one case. Number two, as you can see, it doesn’t affect the entire population. Number three, this is not like COVID[-19] that can be spread by air very easily and could possibly be fatal. This is not particularly fatal but it is of concern.”
Source: RTVMalacańang, Press Briefing of Press Secretary Trixie Cruz-Angeles, July 29, 2022, watch from 11:49 – 12:10 ",Fake,ENGLISH,ENGLISH
vera files fact check: the icc has jurisdiction to investigate in ph,,"“While the Philippines’ withdrawal from the Statute took effect on 17 March 2019, the Court retains jurisdiction with respect to alleged crimes that occurred on the territory of the Philippines while it was a State Party, from 1 November 2011 up to and including 16 March 2019.”",Real,None,ENGLISH
vera files fact check: dela rosa falsely claims duterte never ordered to kill anyone involved in drugs,"“Sabihin ko nakikinig naman lahat pati  human rights: if you go into drugs, you will destroy my country. And if you destroy my country, I will kill you. Iyon ang pinakaano ko — lalo na drugs.”
Source: Presidential Communications Operations Office, 43rd Commencement Exercises of the PNPA for BSPS ‘Alab-Kalis’ Class of 2022  4/21/2022, April 22, 2022, watch from 44:17 to 44:33","I’m going to say it, everyone’s listening anyway, including [those concerned about]",Fake,TAGALOG,ENGLISH
vera files fact check: vlogger makes false claim that angat buhay grabbed credit for ifugao relief efforts,"“Pwede naman magtayo ng NGO, pero ‘wag naman po tayo makipagsapawan sa gobyerno kasi meron naman tayong gobyernong gumagalaw. ‘Wag po nating palabasin na ang gobyerno po ay hindi gumagalaw at kayo lang, dahil hindi po totoo ‘yan. Pwedeng tumulong, pero ‘wag po tayong mag-angat ng bangko dahil hindi lang naman kayo ang kumikilos.”
.
Source: For the Motherland – Sass Rogando Sasot Facebook page, Angat Buhay DSWD Issue, July 10, 2022","You can put up an NGO, but don’t overshadow the government because we have a government that functions. Don’t make it look like the government is not working, and only you are because that’s not true. You can help, but don’t blow your own horn because you’re not the only one moving",Fake,TAGALOG,ENGLISH
vera files fact check: sen. robin padilla spreads misleading photo of duterte retirement at davao home,,“LOOK! FORMER PRESIDENT DUTERTE SEEN OUTSIDE THEIR HOUSE IN DAVAO! Former President Duterte is seen outside [sic] their house in Davao like a normal citizen. People are amazed of how humble our former President is. He is outside to breath [sic] some fresh air. Enjoy your retirement FPRRD! Salamat sa 6 years !”,Fake,ENGLISH,ENGLISH
vera files fact check: legislator’s justification for renaming naia misleading,"“Let’s give credit where credit is due. Totoo naman na ang nagpaganda niyan… pinaganda ‘yan noong panahon ni ano. Nagkamali ako nang sinabi ko na sila ang nagpagawa. Pagawa, still the same. Pag nagpaganda niyan, naging ganyan ‘yan sa panahon nila president Ferdinand Marcos [Sr].”

Source: One News PH official Youtube channel, Teves defends bill to rename NAIA to Ferdinand E. Marcos Int’l Airport, July 6, 2022, watch from 0:15 to 0:32","Let’s give credit where credit is due. It’s true that it was improved during the time of [Ferdinand Marcos Sr]. I was wrong to say that they constructed it. Improve, still the same. If it’s improved, it became like that during the time of president Ferdinand Marcos [Sr].",Fake,TAGALOG,ENGLISH
vera files fact check: marcos jr.’s statement that getting covid-19 is ‘like having flu’ needs context,,"“In fact, the general experience has been… people are down maybe for two, maybe three days, and that’s like [the] flu. It’s like having [the] flu.”
Source: RTVMalacañang, Press Briefing of President Ferdinand R. Marcos Jr., July 5, 2022, watch from 19:24 – 19:35",Fake,None,ENGLISH
vera files fact check: marcos jr’s ‘biggest electoral mandate’ statement needs context,,"“This is a historic moment for us all. I feel it deep within me. You, the people, have spoken, and it is resounding. When my call for unity started to resonate with you, it did so because it echoed your yearnings, mirrored your sentiments, and expressed your hopes for family, for country, and for a better future. That is why it reverberated and amplified as it did, to deliver the biggest electoral mandate in the history of Philippine democracy.”
Source: Presidential Communications Operations Office, Speech of President Ferdinand “Bongbong” Romualdez Marcos Jr. during his Inauguration , June 30, 2022, watch from 2:24 to 3:01",Fake,ENGLISH,ENGLISH
vera files fact check: galvez claim that ph hit vaxx target needs context,"“Tulad ng aming ipinangako, naabot na natin ang target na 70 million fully vaccinated individuals. Nagpapasalamat ang NTF sa lahat ng ating health workers, volunteers, at mga kababayang nagtulong-tulong para mas marami tayong mabakunahan at maprotektahan laban sa COVID-19.
","As we promised, we have reached our target of 70 million fully vaccinated individuals. The NTF is grateful to all our health workers, volunteers, and the citizens who all helped get more people vaccinated and protected against COVID-19.",Fake,TAGALOG,ENGLISH
"vera files fact check: marcos jr. falsely claims vietnam, thailand currently ban rice exports",,"“First of all will be to try to increase production as we come into the harvest period during, before, and after the rainy seasons. Hopefully, we can counteract some of the increases in prices. You may have noted that Thailand and Vietnam, for example, one of our main sources of imported rice, have decided to ban their rice exports, at least for now. So, we have to compensate for that by increasing production here in the Philippines.”
Source: ABS-CBN News Channel, FULL PRESS BRIEFING: President-elect Bongbong Marcos discusses economic priorities, June 6, 2022, watch from 5:40 to 6:22",Fake,None,ENGLISH
"vera files fact check: duterte admits using ‘presidential powers’ vs abs-cbn franchise renewal, contradicting previous neutral stance",,"“ABS-CBN never paid taxes … Ana kawatan ng ABS-CBN kaya tinira ko talaga sila . I used the presidential powers to tell Congress that you are dealing with scoundrels. And if you continue to kowtow [to] them, kawawa ang Pilipino .”
Source: GMA News official YouTube channel, LIVESTREAM: Pres. Duterte leads oath-taking of local officials and House members in Davao City, June 27, 2022, watch from 18:10 to 19:40",Real,ENGLISH,ENGLISH
"vera files fact check: badoy misleads with claim sc ruled no danger to life, liberty, security for people tagged as cpp-npa-ndf members","“Kung wala ka namang ebidensya to support anything except to suspect na ito ay fronts ng, let’s say, communist terrorist groups, eh ‘wag ka na lang magsalita dahil you’re endangering certain people, ‘no, kung wala ka namang sufficient evidence. Baka mamaya target naman ‘yung mga tao na ‘yon na who are just vocal about their own political views; baka ma-endanger naman ‘yung mga tao na ‘yon.”

Source: Kapihan sa Manila Bay with Marichu Villanueva, Kapihan sa Manila Bay with Justice Secretary Menardo Guevarra, June 15, 2022, watch from 1:13:28 to 1:13:55","If you have no evidence to support anything, except to suspect that these are fronts of, let’s say, communist terrorist groups, then just don’t speak because you’re endangering certain people if you don’t have sufficient evidence. Maybe later these persons will be targeted when they are just vocal about their political views; maybe they will be endangered.",Fake,TAGALOG,ENGLISH
vera files fact check: president’s claim that two ‘dutertes’ will hold the country’s top govt posts for 11 days misleading,,"“Bilib ako sa iyong liderato, puro Garcia . Sa amin man rin . You know there is a queer coincidence in our history. Maybe it would be the first time; I don’t know. I have yet to look into the archives of our country; but si Inday [Sara] … would swear sa  loyalty niya sa  Constitution and to the country ngayong  [June] 19.”",Fake,ENGLISH,ENGLISH
vera files fact check: duterte understates his salary for the nth time,"“Ngayon, dinoble ko na iyong suweldo nila. Ang suweldo nila maliit eh, hindi magkasya sa dalawang asawa. Alam ko iyan, huwag ninyo akong lokohin. L****. Kasi ako, ang suweldo ko, it’s about 196[,000], 200[,000] iyan eh plus, salary of a president, 190[,000], hatiin ko pa iyan para sa dalawang pamilya.”

Source: Presidential Communications Operations Office official website, Groundbreaking Ceremony of the Philippine Sports Training Center 6/17/2022 , June 17, 2022, watch from 16:43 to 17:10","Now, I have doubled the salary [of police officers]. Their salary was low, not enough for  two wives. I know that. Don’t fool me. Because I have around P1960[,000] P2000[,000] plus, salary of a president, P1900[,000], I need to divide it  between my two families.",Real,TAGALOG,ENGLISH
vera files fact check: duterte’s claim on ph non-membership in icc lacks context,"“Kayong mga human rights, huwag ninyong isali ‘yang mga pulis. Nagtutupad lang ‘yan sa utos ko. Ako ang ihuli ninyo , do not involve the police. They are just following my orders. Arrest me instead).
And itong  ICC, International Criminal Court, hindi tayo  member. I am a Filipino. If I will be charged criminally, it should be before a Filipino court. And if there’s somebody who will judge me, it will be a Filipino judge. And if somebody will prosecute me, it must be a Filipino prosecutor. The courts are there. There is no failure of justice.”
Source: Presidential Communications Operations Office official website, Lowering of the Tunnel Boring Machine and Inspection of the Subway Depot , June 12, 2022, watch from  17:18 to 18:09",,Real,ENGLISH,ENGLISH
vera files fact check: escudero inaccurately cites car as one of the two poorest regions in ph,"“May mga nagsusulong ng pederalismo sa ating bansa, samantala ang awtonomiya ni hindi pa nga lubusang naibibigay talaga sa mga lokal na pamahalaan. .
Question: … Is this enough for you to actually push for federalism or that’s jumping way ahead?
Escudero: That’s jumping way, way ahead … l’ll try to answer briefly without being, say, that I’m opposed to it. Our closest experiment to federalism is CAR — Cordillera [Administrative] Region and BARMM [Bangsamoro Autonomous Region in Muslim Mindanao]. These are the two autonomous regions found in our Constitution. Cordillera hasn’t even been implemented yet. It lost in two or three plebiscites. BARMM, up to last term, we were still trying to perfect it. If we haven’t even perfected autonomy or the closest to federalism in these two regions, [which] remain to be the poorest regions in our country, why will we experiment on it in all of the regions of the country?”
Source: ABS-CBN News official YouTube channel, Dateline Philippines | ANC , June 6, 2022, watch from 21:56 to 22:55",,Fake,ENGLISH,ENGLISH
vera files fact check: imee marcos falsely claims no child went hungry during her father’s rule because of nutribun,"“Walang nagugutom na bata noon kay Nutribun ang sagana. Hindi mo pa maubos. At saka kakainin mo, andyan parang semento sa tiyan; may kasama pang tagaktak ng Klim  gatas. Ang mga lolas and mommies talagang fully charged hanggang ngayon dahil powered by Nutribun.”

Source: Edna Gatchalian Encena personal Facebook account, IMEE MARCOS IS IN BUHANGIN DAVAO CITY , June 6, 2022, watch from 8:18 to 8:49",na,Fake,TAGALOG,TAGALOG
vera files fact check: imee marcos’ claim that china has ‘never attempted to take over’ ph needs context,,"“But at the same time, it is very clear, China is our No. 1 trade partner. And despite certain anti-Chinese elements, I would have to remind everyone that China never conquered us; never invaded the Philippines; never attempted, in any way, to take us over. So dapat  friendly socio-cultural ties and the exploitation of trade and commerce.”
Source: ABS-CBN News Channel 24/7, Headstart: One-on-One with PH Senator Imee Marcos | ANC, June 1, 2022, watch from 30:35 to 31:06",Fake,ENGLISH,ENGLISH
"vera files fact check: for the nth time, badoy makes baseless claims on robredo, partylists’ ‘ties’ with cpp-npa-ndf",,"“We attribute these votes to the treachery of Leni Robredo who colluded with the CPP NPA NDF…”
Source: NTF-ELCAC Official Facebook Page, READ | Statement on CPP-NPA-NDF Partylists Groups , May 22, 2022",Real,ENGLISH,ENGLISH
vera files fact check: marcoses don’t own gma stocks,,"“Dear Imee – I hope the presentation is clear enough. The political aspects intentionally  excluded which I believe should be discussed with you personally — with some other  options in mind. Regards. Sincerely, Bibit.”",Real,None,ENGLISH
